<?xml version="1.0" encoding="UTF-8" standalone="yes"?>
<addon id="plugin.program.DragonFen" name="[COLOR yellow]Drag[COLOR orange]o[/COLOR]n[/COLOR][COLOR red]Fen Z[/COLOR]" version="2" provider-name="Daddy">
    <requires>
        <import addon="xbmc.python" version="3.0.0" />
        <import addon="script.module.requests" version="2" />
        <import addon="script.module.six" version="1" />
        <import addon="script.kodi.android.update" optional="true" version="1.1.7" />
        <import addon="script.speedtester" optional="true" version="1.1.2" />
    </requires>
    
    <extension point="xbmc.python.pluginsource" library="default.py">
        <provides>executable</provides>
    </extension>
    
    <extension point="xbmc.service" library="startup.py" start="startup" />
    
    <extension point="xbmc.addon.metadata">
        <summary lang="en">[COLOR yellow]Drag[COLOR orange]o[/COLOR]n[/COLOR][COLOR red]Fen Z[/COLOR]</summary>
        <description lang="en">[COLOR yellow]Drag[COLOR orange]o[/COLOR]n[/COLOR][COLOR red]Fen Z[/COLOR]</description>
        <platform>all</platform>
        <reuselanguageinvoker>false</reuselanguageinvoker>
        <assets>
            <icon>icon.png</icon>
            <fanart>fanart.png</fanart>
        </assets>
    </extension>
</addon>
