<?xml version="1.0" encoding="UTF-8" standalone="yes"?>
<addon id="plugin.program.theredwizard" name="[COLOR red]The Red Wizard[/COLOR]" version="2.2.6" provider-name="[COLOR red]The Red Wizard[/COLOR]">
    <requires>
        <import addon="xbmc.python" version="3.0.1"/>
        <import addon="script.module.accountmgr" optional="true"/>
		<import addon="script.module.requests"/>
        <import addon="script.module.six"/>
		<import addon="service.installlitebinaries" optional="true"/>
		<import addon="service.installmybinaries" optional="true"/>
		<import addon="service.installrwbinaries" optional="true"/>
		<import addon="service.subtitles.a4ksubtitles" optional="true"/>
    </requires>
    
    <extension point="xbmc.python.pluginsource" library="default.py">
        <provides>executable</provides>
    </extension>
    
    <extension point="xbmc.service" library="startup.py" start="startup" />
    
    <extension point="xbmc.addon.metadata">
        <summary lang="en_GB">[COLOR red]The Red Wizard Kodi 21 Omega Edition[/COLOR]</summary>
        <description lang="en_GB">[COLOR red]The Red Wizard for installing, updating and maintaining The Red Wizard Kodi 21 Omega builds[/COLOR]</description>
        <disclaimer lang="en_GB">The author of this add-on does not host any content and has no affiliation with the content providers</disclaimer>
        <platform>all</platform>
        <reuselanguageinvoker>false</reuselanguageinvoker>
        <source>https://github.com/Slamious/plugin.program.newagewizard</source>
        <news>[COLOR red]2025-01-06
- Corrected typos in window.py
- The Red Wizard TV (Rumble) added
- Numerous bug fixes, edits and dialog changes
- Source changed to the New Age Wizard
- Wizard compatible with Kodi 21 Omega and Kodi 22 Piers
- Account Manger and A4K Subtitles added as excludes and optional dependencies
- Cache Settings compatible with Kodi 21 Omega and later
- APK installer added
- guisettings.xml toggle fixed
- Many thanks to Slamious and Sarge for their help with this update
- The Red Wizard has a new home! Go to https://redwizard.xyz[/COLOR]</news>
        <assets>
            <icon>resources/media/icon.png</icon>
            <fanart>resources/media/fanart.jpg</fanart>
			<screenshot>resources/media/screenshot01.jpg</screenshot>
			<screenshot>resources/media/screenshot02.jpg</screenshot>
			<screenshot>resources/media/screenshot03.jpg</screenshot>
			<screenshot>resources/media/screenshot04.jpg</screenshot>
			<screenshot>resources/media/screenshot05.jpg</screenshot>
			<screenshot>resources/media/screenshot06.jpg</screenshot>
			<screenshot>resources/media/screenshot07.jpg</screenshot>
			<screenshot>resources/media/screenshot08.jpg</screenshot>
			<screenshot>resources/media/screenshot09.jpg</screenshot>
			<screenshot>resources/media/screenshot10.jpg</screenshot>
			<screenshot>resources/media/screenshot11.jpg</screenshot>
			<screenshot>resources/media/screenshot12.jpg</screenshot>
        </assets>
		<license>GNU GENERAL PUBLIC LICENSE Version 3</license>
		<email>info@redwizard.xyz</email>
		<website>https://redwizard.xyz/</website>
		<forum>https://t.me/theredwizard</forum>
    </extension>
</addon>
